group_id,dialogue_id,character_name,content,avatar_path,show_on_left,bg_path,image_path,is_choice,choice1,result1_group,choice2,result2_group,bgm,isEND
intro,0,,....,,FALSE,res://assets/BG/black.png,,FALSE,,,,,0,FALSE
intro,1,,........,,FALSE,res://assets/BG/black.png,,FALSE,,,,,0,FALSE
intro,2,,（一片漆黑）,,FALSE,res://assets/BG/spotlight.jpg,,FALSE,,,,,0,FALSE
intro,3,,（耳边传来键盘声和嘈杂的人群呐喊声……）,,FALSE,res://assets/BG/spotlight.jpg,,FALSE,,,,,2,FALSE
intro,4,,（一阵刺眼的光芒划过，眼前渐渐浮现出一排陈旧的电脑和蓝白相间的网吧座椅）,,FALSE,res://assets/BG/Internetcafe.jpg,,FALSE,,,,,2,FALSE
intro,5,,（两名少年正坐在最角落的位置，神情专注，屏幕上闪烁着熟悉的峡谷战斗）,,FALSE,res://assets/BG/Internetcafe.jpg,,FALSE,,,,,2,FALSE
intro,6,Sakuya,「发什么愣啊首无！对面进你野区了！」,res://assets/avatars/ady2.png,FALSE,res://assets/BG/Internetcafe.jpg,,FALSE,,,,,2,FALSE
intro,7,Wachao,「首无……？」,res://assets/avatars/jgy2.png,TRUE,res://assets/BG/Internetcafe.jpg,,FALSE,,,,,2,FALSE
intro,8,Wachao,（你愣了一秒，随即一股本能的操作涌上双手）,res://assets/avatars/jgy2.png,TRUE,res://assets/BG/Internetcafe.jpg,,FALSE,,,,,2,FALSE
intro,9,Wachao,（盲僧Q中，W摸眼，闪现踢回，操作一气呵成）,res://assets/avatars/jgy2.png,TRUE,res://assets/BG/Internetcafe.jpg,,FALSE,,,,,2,FALSE
intro,10,Sakuya,哎哟我！这操作是你能打出来的吗！,res://assets/avatars/ady2.png,FALSE,res://assets/BG/Internetcafe.jpg,,FALSE,,,,,2,FALSE
intro,11,Wachao,（这是……五年前，我们还在网吧打城市争霸赛的时候？难道我……重生了？）,res://assets/avatars/jgy2.png,TRUE,res://assets/BG/Internetcafe.jpg,,FALSE,,,,,2,FALSE
intro,12,,（耳边的嘈杂、人群的呐喊、Sakuya兴奋的嗓音，全都在提醒这一切不是梦）,,TRUE,res://assets/BG/Internetcafe.jpg,res://assets/avatars/ady1.png,FALSE,,,,,2,FALSE
intro,13,Wachao,「这次……我不会再输。我要打到世界的巅峰。」,res://assets/avatars/jgy2.png,TRUE,res://assets/BG/Internetcafe.jpg,,FALSE,,,,,2,FALSE
intro,14,,....,,FALSE,res://assets/BG/black.png,,FALSE,,,,,0,FALSE
intro,15,,........,,FALSE,res://assets/BG/black.png,,FALSE,,,,,0,FALSE
intro,16,,【五年后 · 世界总决赛现场】,,FALSE,res://assets/BG/spotlight.jpg,,FALSE,,,,,4,FALSE
intro,17,,（聚光灯下，WNP战队踏上世界舞台的聚光灯）,,FALSE,res://assets/BG/spotlight.jpg,,FALSE,,,,,4,FALSE
intro,18,泽元,「让我们欢迎来自LPL的四号种子——W！N！P！」,,FALSE,res://assets/BG/worlds3.jpg,,FALSE,,,,,4,FALSE
intro,19,,（全场欢呼：WNP！WNP！！）,,FALSE,res://assets/BG/worlds3.jpg,,FALSE,,,,,4,FALSE
intro,20,Wachao,（你抬起头，看着万千观众。重来的这一生，只为这一刻）,res://assets/avatars/jg2.png,TRUE,res://assets/BG/worlds3.jpg,,FALSE,,,,,4,FALSE
intro,21,Wachao,「重来一次，我必须考虑这是不是我此生仅有的机会，重铸WNP荣光，我义不容辞」,res://assets/avatars/jg2.png,TRUE,res://assets/BG/worlds3.jpg,,FALSE,,,,,4,FALSE
intro,22,,....,,FALSE,res://assets/BG/worlds3.jpg,,FALSE,,,,,4,FALSE
intro,23,,........,,FALSE,res://assets/BG/black.png,,FALSE,,,,,4,FALSE
intro,24,,【后台准备室】,,FALSE,res://assets/BG/backstage1.jpg,,FALSE,,,,,4,FALSE
intro,25,,（舞台灯光熄灭，掌声与呼喊声仿佛被一层玻璃隔开，留下一间安静、压抑的后台房间）,,FALSE,res://assets/BG/backstage1.jpg,,FALSE,,,,,4,FALSE
intro,26,,（昏黄灯光下，五人围坐在长桌两侧，教练在电子战术板前快速画着BP思路）,,FALSE,res://assets/BG/backstage1.jpg,,FALSE,,,,,4,FALSE
intro,27,朱开,「小组赛大家打的很好，保持这个状态，今天的bo5对阵GAM，对你们来说小菜一碟吧！」,,FALSE,res://assets/BG/backstage1.jpg,res://assets/avatars/kenzhu.png,FALSE,,,,,4,FALSE
intro,28,Sakuya,「越南队……也就那样吧？」,res://assets/avatars/adc2.png,FALSE,res://assets/BG/backstage1.jpg,res://assets/avatars/adc1.png,FALSE,,,,,4,FALSE
intro,29,BlueChao,「说实话，昨天训练赛我一个人就能打穿他们上路。,res://assets/avatars/top2.png,FALSE,res://assets/BG/backstage1.jpg,res://assets/avatars/top1.png,FALSE,,,,,4,FALSE
intro,30,TwiceAhri,「别翻车就行，这种队我们根本不用憋招。」,res://assets/avatars/mid2.png,FALSE,res://assets/BG/backstage1.jpg,res://assets/avatars/mid1.png,FALSE,,,,,4,FALSE
intro,31,BigSky2,「不过……GAM以前也逮捕过滔搏吧？会不会有点不稳……」,res://assets/avatars/sup2.png,FALSE,res://assets/BG/backstage1.jpg,res://assets/avatars/sup1.png,FALSE,,,,,4,FALSE
intro,32,Sakuya,「你又不是第一次世界赛了，他们能整啥花？你看我，都选好冠军皮肤了。」,res://assets/avatars/adc2.png,FALSE,res://assets/BG/backstage1.jpg,,FALSE,,,,,4,FALSE
intro,33,Wachao,（你没有说话，只是坐在角落，盯着屏幕上的对方打野选手最近10场的复盘记录）,res://assets/avatars/jg2.png,TRUE,res://assets/BG/backstage1.jpg,res://assets/avatars/jg1.png,FALSE,,,,,4,FALSE
intro,34,朱开,「怎么说Wachao，你觉得这把BP选什么」,,FALSE,res://assets/BG/backstage1.jpg,res://assets/avatars/kenzhu.png,FALSE,,,,,4,FALSE
intro,35,Wachao,（以我的操作，击败越南应该不是问题）,res://assets/avatars/jg2.png,TRUE,res://assets/BG/backstage1.jpg,,FALSE,,,,,4,FALSE
intro,36,Wachao,我觉得...,res://assets/avatars/jg2.png,TRUE,res://assets/BG/backstage1.jpg,,TRUE,保留战术,end1,全力以待,story1,4,FALSE
end1,0,Wachao,「对面确实没什么威胁。别紧张，打得开心就好。」,res://assets/avatars/jg2.png,TRUE,res://assets/BG/backstage1.jpg,,FALSE,,,,,4,FALSE
end1,1,Sakuya,「那我玩老鼠了，我老想要老鼠的冠军皮肤了」,res://assets/avatars/adc2.png,FALSE,res://assets/BG/backstage1.jpg,,FALSE,,,,,4,FALSE
end1,2,TwiceAhri,「Jeffrey我要玩上单奎因，折磨对面上单」,res://assets/avatars/mid2.png,FALSE,res://assets/BG/backstage1.jpg,,FALSE,,,,,4,FALSE
end1,3,BlueChao,「ok，我来一把中路盖伦」,res://assets/avatars/top2.png,FALSE,res://assets/BG/backstage1.jpg,,FALSE,,,,,4,FALSE
end1,4,,...,,FALSE,res://assets/BG/backstage1.jpg,,FALSE,,,,,4,FALSE
end1,5,,........,,FALSE,res://assets/BG/black.png,,FALSE,,,,,4,FALSE
end1,6,,（比赛开始。选手席上，WNP五人神情轻松，连大天二都在笑着调试键盘）,,FALSE,res://assets/BG/worlds2.jpg,,FALSE,,,,,4,FALSE
end1,7,,（第一局，前期节奏被对方下野频繁入侵打乱，Wachao失误被反两组野）,,FALSE,res://assets/BG/worlds2.jpg,,FALSE,,,,,4,FALSE
end1,8,,（TwiceAhri因操作不当多次被越塔击杀，对方上单打出MVP级别表现）,,FALSE,res://assets/BG/worlds2.jpg,,FALSE,,,,,4,FALSE
end1,9,泽元,「WNP的换线没有打出效果啊！越南队打得太凶了！WNP不会要输了吧」,,FALSE,res://assets/BG/worlds2.jpg,,FALSE,,,,,4,FALSE
end1,10,记得,「谁都没有想到，被我们给予厚望的四号种子WNP就这样倒在了8强，让我们恭喜GAM！」,,FALSE,res://assets/BG/worlds2.jpg,,FALSE,,,,,4,FALSE
end1,11,,（BO5最终以1:3爆冷失利）,,FALSE,res://assets/BG/worlds2.jpg,,FALSE,,,,,4,FALSE
end1,12,Wachao,「不……不该是这样的……」,res://assets/avatars/jg2.png,TRUE,res://assets/BG/worlds2.jpg,,FALSE,,,,,4,FALSE
end1,13,,【结局1：越南腐乳 (你真选啊)】,,FALSE,res://assets/BG/worlds2.jpg,res://assets/avatars/furu.jpg,FALSE,,,,,4,TRUE
story1,0,Wachao,「他们不是白给。我们就按打T1的标准准备。」,res://assets/avatars/jg2.png,TRUE,res://assets/BG/backstage1.jpg,,FALSE,,,,,4,FALSE
story1,1,Sakuya,「真的假的？整这么狠？」,res://assets/avatars/adc2.png,FALSE,res://assets/BG/backstage1.jpg,,,,,,,4,
story1,2,TwiceAhri,「有必要吗，GAM训练赛打的这么烂 （Jon 好感 - 1）」,res://assets/avatars/mid2.png,FALSE,res://assets/BG/backstage1.jpg,,FALSE,,,,,4,FALSE
story1,3,Wachao,「他们前期打法很怪，喜欢入侵野区。咱前十五分钟必须拉满警惕。」,res://assets/avatars/jg2.png,TRUE,res://assets/BG/backstage1.jpg,,FALSE,,,,,4,FALSE
story1,4,BigSky2,「明白，我开局插真眼，不给他们机会。」,res://assets/avatars/sup2.png,FALSE,res://assets/BG/backstage1.jpg,,FALSE,,,,,4,FALSE
story1,5,,....,,FALSE,res://assets/BG/backstage1.jpg,,FALSE,,,,,4,FALSE
story1,6,,.........,,FALSE,res://assets/BG/worlds2.jpg,,FALSE,,,,,4,FALSE
story1,7,,（比赛开始，WNP五人做好了充足的准备）,,FALSE,res://assets/BG/worlds2.jpg,,FALSE,,,,,4,FALSE
story1,8,泽元,「WNP上来就选出猪妹+锤石的强控组合，这是一场火力全开的比赛！」,,FALSE,res://assets/BG/worlds2.jpg,,FALSE,,,,,4,FALSE
story1,9,,....,,FALSE,res://assets/BG/worlds2.jpg,,FALSE,,,,,4,FALSE
story1,10,,..........,,FALSE,res://assets/BG/worlds2.jpg,,FALSE,,,,,4,FALSE
story1,11,,（前期小劣，但WNP稳扎稳打，比赛持续到30分钟）,,FALSE,res://assets/BG/worlds2.jpg,,FALSE,,,,,4,FALSE
story1,12,泽元,「30分钟，Wachao选手反手猪妹大招控到C位，配合锤石控制衔接到死！WNP拿到了大龙！」,,FALSE,res://assets/BG/worlds2.jpg,,FALSE,,,,,4,FALSE
story1,13,记得,「这样看GAM是无力回天了，我们恭喜WNP晋级四强！」,,FALSE,res://assets/BG/worlds2.jpg,,FALSE,,,,,4,FALSE
story1,14,,....,,FALSE,res://assets/BG/worlds2.jpg,,FALSE,,,,,4,FALSE
story1,15,,..........,,FALSE,res://assets/BG/interview.jpg,,FALSE,,,,,4,FALSE
story1,16,余霜,「Wachao，今天你们对GAM展现了极高的重视，是不是有点‘多此一举’？」,,FALSE,res://assets/BG/interview.jpg,,FALSE,,,,,4,FALSE
story1,17,Wachao,「我们这次是奔着冠军来的，我们对所有的对手都准备了战术。」,res://assets/avatars/jg2.png,TRUE,res://assets/BG/interview.jpg,,FALSE,,,,,4,FALSE
story1,18,,（灯光打在WNP的五人身上。五个人的羁绊更加深厚了),,FALSE,res://assets/BG/interview.jpg,,FALSE,,,,,4,FALSE
story1,19,,....,,FALSE,res://assets/BG/interview.jpg,,FALSE,,,,,0,FALSE
story1,20,,.........,,FALSE,res://assets/BG/black.png,,FALSE,,,,,0,FALSE
story1,21,,【酒店会议室 · 凌晨2点】,,FALSE,res://assets/BG/meetingroom.jpg,,FALSE,,,,,3,FALSE
story1,22,,（打完GAM吃过晚饭后回到驻地，夜深，房间内却没有一点倦意）,,FALSE,res://assets/BG/meetingroom.jpg,,FALSE,,,,,3,FALSE
story1,23,BlueChao,「赢了啊……怎么大家一个个都不说话？」,res://assets/avatars/top2.png,FALSE,res://assets/BG/meetingroom.jpg,,FALSE,,,,,3,FALSE
story1,24,TwiceAhri,「……下一场是GEN.G，版本最强中野联动。」,res://assets/avatars/mid2.png,FALSE,res://assets/BG/meetingroom.jpg,,FALSE,,,,,3,FALSE
story1,25,Sakuya,「Chovy和Canyon，这种人……真的能打得过吗？」,res://assets/avatars/adc2.png,FALSE,res://assets/BG/meetingroom.jpg,,FALSE,,,,,3,FALSE
story1,26,BigSky2,「你们……有没有想过，我们四强就算成功」,res://assets/avatars/sup2.png,FALSE,res://assets/BG/meetingroom.jpg,,FALSE,,,,,3,FALSE
story1,27,,（房间空气忽然凝滞）,,FALSE,res://assets/BG/meetingroom.jpg,,FALSE,,,,,3,FALSE
story1,28,Wachao,「你在说什么？」,res://assets/avatars/jg2.png,TRUE,res://assets/BG/meetingroom.jpg,,FALSE,,,,,3,FALSE
story1,29,BigSky2,「（苦笑）我说……到四强，LPL粉丝也满意了。我们不想被骂，就别输得太难看。」,res://assets/avatars/sup2.png,FALSE,res://assets/BG/meetingroom.jpg,,FALSE,,,,,3,FALSE
story1,30,Sakuya,「二哥你不是这种人啊……夏季赛，输给滔搏那次你哭得比谁都狠。」,res://assets/avatars/adc2.png,FALSE,res://assets/BG/meetingroom.jpg,,FALSE,,,,,3,FALSE
story1,31,BigSky2,「我知道——但是我怕我的操作根本跟不上他们的节奏....」,res://assets/avatars/sup2.png,FALSE,res://assets/BG/meetingroom.jpg,,FALSE,,,,,3,FALSE
story1,32,Wachao,（空气再次沉默，你盯着大天二，第一次感受到队伍信念的崩塌边缘，你决定.....）,res://assets/avatars/jg2.png,TRUE,res://assets/BG/meetingroom.jpg,,TRUE,斥责大天二，逼他振作,story2a,沉默离开,story2b,3,FALSE
story2a,0,Wachao,「（冷冷开口）那你现在是要退役，还是就这时候崩了？」,res://assets/avatars/jg2.png,TRUE,res://assets/BG/meetingroom.jpg,,FALSE,,,,,3,FALSE
story2a,1,BigSky2,「（皱眉）我只是说了实话。」,res://assets/avatars/sup2.png,FALSE,res://assets/BG/meetingroom.jpg,,FALSE,,,,,3,FALSE
story2a,2,Wachao,「实话？实话是我们没人能跟得上GEN.G。可你要是现在说不想打，那你TMD干脆别上场了！」,res://assets/avatars/jg2.png,TRUE,res://assets/BG/meetingroom.jpg,,FALSE,,,,,3,FALSE
story2a,3,Sakuya,「冷静点...怎么急了」,res://assets/avatars/adc2.png,FALSE,res://assets/BG/meetingroom.jpg,,FALSE,,,,,3,FALSE
story2a,4,Wachao,「我们没退路，谁掉链子，我们全输。」,res://assets/avatars/jg2.png,TRUE,res://assets/BG/meetingroom.jpg,,FALSE,,,,,3,FALSE
story2a,5,,（会议室陷入短暂寂静，但没人再发声）,,FALSE,res://assets/BG/meetingroom.jpg,,FALSE,,,,,3,FALSE
story2a,6,TwiceAhri,「ok，就这样准备吧。」,res://assets/avatars/mid2.png,FALSE,res://assets/BG/meetingroom.jpg,,FALSE,,,,,3,FALSE
story2a,7,BigSky2,（沉默....）,res://assets/avatars/sup2.png,FALSE,res://assets/BG/meetingroom.jpg,,FALSE,,,,,3,FALSE
story2a,8,,...,,FALSE,res://assets/BG/meetingroom.jpg,,FALSE,,,,,0,FALSE
story2a,9,,.......,,FALSE,res://assets/BG/black.png,,FALSE,,,,,0,FALSE
story2a,10,,【世界赛四强现场】,,FALSE,res://assets/BG/worlds2.jpg,,FALSE,,,,,10,FALSE
story2a,11,BigSky2,（安静戴耳机）,res://assets/avatars/sup2.png,FALSE,res://assets/BG/worlds2.jpg,,FALSE,,,,,10,FALSE
story2a,12,Wachao,「等会BP你别多嘴，盲僧我先拿，Sakuya优先养，其他人照常。」,res://assets/avatars/jg2.png,TRUE,res://assets/BG/worlds2.jpg,,FALSE,,,,,10,FALSE
story2a,13,Sakuya,「（低声）二哥你……没事吧。」,res://assets/avatars/adc2.png,FALSE,res://assets/BG/worlds2.jpg,,FALSE,,,,,10,FALSE
story2a,14,Wachao,（这一次，我一定要赢。）,res://assets/avatars/jg2.png,TRUE,res://assets/BG/worlds2.jpg,,FALSE,,,,,10,FALSE
story2a,15,,....,,FALSE,res://assets/BG/worlds2.jpg,,FALSE,,,,,10,FALSE
story2a,16,,【比赛开始：第一局】,,FALSE,res://assets/BG/worlds2.jpg,,FALSE,,,,,10,FALSE
story2a,17,娃娃,「Chovy节奏压制完美运营，WNP没有找到突破点，GEN.G拿下首局，！」,,FALSE,res://assets/BG/worlds2.jpg,,FALSE,,,,,10,FALSE
story2a,18,Wachao,「Jon，中路稳点发育好吗！资源团之前总被抓怎么玩！」,res://assets/avatars/jg2.png,TRUE,res://assets/BG/worlds2.jpg,,FALSE,,,,,10,FALSE
story2a,19,TwiceAhri,「……」,res://assets/avatars/mid2.png,FALSE,res://assets/BG/worlds2.jpg,,FALSE,,,,,10,FALSE
story2a,20,,【比赛开始：第二局】,,FALSE,res://assets/BG/worlds2.jpg,,FALSE,,,,,10,FALSE
story2a,21,米勒,「Wachao果断一波开团，Sakuya完美收割！WNP扳回一城！」,,FALSE,res://assets/BG/worlds2.jpg,,FALSE,,,,,10,FALSE
story2a,22,Wachao,「就这样打，弟弟下局跟我入侵野区。」,res://assets/avatars/jg2.png,TRUE,res://assets/BG/worlds2.jpg,,FALSE,,,,,10,FALSE
story2a,23,BlueChao,「好。」,res://assets/avatars/top2.png,FALSE,res://assets/BG/worlds2.jpg,,FALSE,,,,,10,FALSE
story2a,24,,【比赛开始：第三局】,,FALSE,res://assets/BG/worlds2.jpg,,FALSE,,,,,10,FALSE
story2a,25,BigSky2,「钩中了。」,res://assets/avatars/sup2.png,FALSE,res://assets/BG/worlds2.jpg,,FALSE,,,,,10,FALSE
story2a,26,Wachao,「很好，继续。」,res://assets/avatars/jg2.png,TRUE,res://assets/BG/worlds2.jpg,,FALSE,,,,,10,FALSE
story2a,27,,（五个人像一台机器般精密，但不再交谈，不再鼓励）,,FALSE,res://assets/BG/worlds2.jpg,,FALSE,,,,,10,FALSE
story2a,28,,【比赛开始：第四局】,,FALSE,res://assets/BG/worlds2.jpg,,FALSE,,,,,10,FALSE
story2a,29,娃娃,「WNP 今天打的真的好啊，配合没什么问题啊，发挥了不属于四号种子的实力啊」,,FALSE,res://assets/BG/boardcast.jpg,,FALSE,,,,,10,FALSE
story2a,30,米勒,「对的，尤其是BigSky2选手，每一钩都非常的冷静啊，还有Wachao选手的开团找机会能力也是一流。」,,FALSE,res://assets/BG/boardcast.jpg,,FALSE,,,,,10,FALSE
story2a,31,娃娃,「这边远古龙拿下，中路超级兵也上高地了，WNP准备一波了！让我们恭喜WNP晋级决赛！」,,FALSE,res://assets/BG/boardcast.jpg,,FALSE,,,,,10,FALSE
story2a,32,,【最终比分：3:1，WNP击败GEN.G】,,FALSE,res://assets/BG/boardcast.jpg,,FALSE,,,,,10,FALSE
story2a,33,,【赛后采访】,,FALSE,res://assets/BG/boardcast.jpg,,FALSE,,,,,10,FALSE
story2a,34,小钰,「Wachao选手，请问你们赢下这场比赛的关键是什么？」,,FALSE,res://assets/BG/boardcast.jpg,,FALSE,,,,,10,FALSE
story2a,35,Wachao,「执行力。信念不重要，结果才是。」,res://assets/avatars/jg2.png,TRUE,res://assets/BG/boardcast.jpg,,FALSE,,,,,10,FALSE
story2a,36,,（掌声响起，但在后台……没有人等他回座位）,,FALSE,res://assets/BG/boardcast.jpg,,FALSE,,,,,10,FALSE
story2a,37,,....,,FALSE,res://assets/BG/boardcast.jpg,,FALSE,,,,,0,FALSE
story2a,38,,........,,FALSE,res://assets/BG/black.png,,FALSE,,,,,0,FALSE
story2a,39,,【决赛：WNP vs T1】,,FALSE,res://assets/BG/black.png,,FALSE,,,,,8,FALSE
story2a,40,,【赛前准备间】,,FALSE,res://assets/BG/makeuproom.jpg,,FALSE,,,,,8,FALSE
story2a,41,,（决赛日，首尔。化妆间内沉默无声。空气里弥漫着焦躁与不安。）,,FALSE,res://assets/BG/makeuproom.jpg,,FALSE,,,,,8,FALSE
story2a,42,,（队员们坐在各自的位置，没人说话，只能听见设备启动的电流声。）,,FALSE,res://assets/BG/makeuproom.jpg,,FALSE,,,,,8,FALSE
story2a,43,Sakuya,「……哎，这一刻终于来了啊。」,res://assets/avatars/adc2.png,FALSE,res://assets/BG/makeuproom.jpg,,FALSE,,,,,8,FALSE
story2a,44,TwiceAhri,「跟做梦一样吧？咱们真打到这一步了。」,res://assets/avatars/mid2.png,FALSE,res://assets/BG/makeuproom.jpg,,FALSE,,,,,8,FALSE
story2a,45,朱开,「你们已经知道该怎么做，加油放宽心态。」,,FALSE,res://assets/BG/makeuproom.jpg,,FALSE,,,,,8,FALSE
story2a,46,Wachao,「（点头）我会照流程来。T1早就分析过了。」,res://assets/avatars/jg2.png,TRUE,res://assets/BG/makeuproom.jpg,,FALSE,,,,,8,FALSE
story2a,47,BlueChao,「对面是Zeus，世一上的名号是谁就看今天了」,res://assets/avatars/top2.png,FALSE,res://assets/BG/makeuproom.jpg,,FALSE,,,,,8,FALSE
story2a,48,Wachao,「照计划打。」,res://assets/avatars/jg2.png,TRUE,res://assets/BG/makeuproom.jpg,,FALSE,,,,,8,FALSE
story2a,48,BigSky2,「嗯。」,res://assets/avatars/sup2.png,FALSE,res://assets/BG/makeuproom.jpg,,FALSE,,,,,8,FALSE
story2a,50,,（没人提起“冠军”，也没人笑。）,,FALSE,res://assets/BG/makeuproom.jpg,,FALSE,,,,,8,FALSE
story2a,51,,...,,FALSE,res://assets/BG/makeuproom.jpg,,FALSE,,,,,8,FALSE
story2a,52,,.......,,FALSE,res://assets/BG/black.png,,FALSE,,,,,8,FALSE
story2a,53,,【BO5比赛现场】,,FALSE,res://assets/BG/worlds1.jpg,,FALSE,,,,,8,FALSE
story2a,54,,【第一局：Faker丽桑卓完美控制局势，T1大胜】,,FALSE,res://assets/BG/worlds1.jpg,,FALSE,,,,,8,FALSE
story2a,55,,【第二局：WNP靠Wachao中期带动节奏，扳回一城】,,FALSE,res://assets/BG/worlds1.jpg,,FALSE,,,,,8,FALSE
story2a,56,,【第三局：弟弟上单盖伦被对位压爆，野区沦陷】,,FALSE,res://assets/BG/worlds1.jpg,,FALSE,,,,,8,FALSE
story2a,57,,【第四局：Sakuya尝试偷家失败，T1反打团灭收场】,,FALSE,res://assets/BG/worlds1.jpg,,FALSE,,,,,8,FALSE
story2a,58,泽元,「结束了！WNP 最终还是不敌T1，遗憾止步决赛！」,,FALSE,res://assets/BG/worlds1.jpg,,FALSE,,,,,8,FALSE
story2a,59,记得,「他们曾让世界看到希望，但在最后的舞台上，他们太冷静了，甚至……没有灵魂。」,,FALSE,res://assets/BG/worlds1.jpg,,FALSE,,,,,8,FALSE
story2a,60,,（T1选手起立欢呼，Faker对镜头微微一笑竖起大拇指）,,FALSE,res://assets/BG/faker.jpeg,,FALSE,,,,,8,FALSE
story2a,61,王多多,「蝴蝶飞不过沧海，又有谁能忍心责怪呢，让我们恭喜T1获得全球总冠军。」,,FALSE,res://assets/BG/faker.jpeg,,FALSE,,,,,8,FALSE
story2a,62,,（战败的五人目不转睛地看着屏幕上的“Defeat”，沉默中夹杂着无法言喻的失落。身后烟火炫丽绽放，然而那不属于他们的庆祝只让人感到更加刺痛。冷冽的空气像冰窖般压得每个人几乎无法呼吸。）,,FALSE,res://assets/BG/fy.png,,FALSE,,,,,8,FALSE
story2a,63,Sakuya,「……我们输得挺干净的。」,res://assets/avatars/adc2.png,FALSE,res://assets/BG/fy.png,,FALSE,,,,,8,FALSE
story2a,64,BlueChao,「输就输呗……还真就被打得没脾气。」,res://assets/avatars/top2.png,FALSE,res://assets/BG/fy.png,,FALSE,,,,,8,FALSE
story2a,65,TwiceAhri,「你前面那波不就多走一步？偷家那波你在想什么，Sakuya？」,res://assets/avatars/mid2.png,FALSE,res://assets/BG/fy.png,,FALSE,,,,,8,FALSE
story2a,66,Sakuya,「你中路玩的没问题？还说我....」,res://assets/avatars/adc2.png,FALSE,res://assets/BG/fy.png,,FALSE,,,,,8,FALSE
story2a,67,BigSky2,"「那一波我也闪现交慢了,我的..」",res://assets/avatars/sup2.png,FALSE,res://assets/BG/fy.png,,FALSE,,,,,8,FALSE
story2a,68,Wachao,(你看着沉默的队伍，张了张嘴，终究没能发出声音。),res://assets/avatars/jg2.png,TRUE,res://assets/BG/fy.png,,FALSE,,,,,8,FALSE
story2a,69,,....,,FALSE,res://assets/BG/fy.png,,FALSE,,,,,8,FALSE
story2a,70,,.......,,FALSE,res://assets/BG/black.png,,FALSE,,,,,8,FALSE
story2a,71,,【数日后】,,FALSE,res://assets/BG/black.png,,FALSE,,,,,8,FALSE
story2a,72,,（WNP官宣战队解散，五人去向不明）,,FALSE,res://assets/BG/interview2.jpg,res://assets/BG/news.png,FALSE,,,,,8,FALSE
story2a,73,,（社交媒体一片混乱，粉丝众说纷纭）,,FALSE,res://assets/BG/interview2.jpg,res://assets/BG/news.png,FALSE,,,,,8,FALSE
story2a,74,,.....,,FALSE,res://assets/BG/black.png,,FALSE,,,,,8,FALSE
story2a,75,,.........,,FALSE,res://assets/BG/black.png,,FALSE,,,,,8,FALSE
story2a,76,,【数年后，电竞纪实节目】,,FALSE,res://assets/BG/spotlight.jpg,,FALSE,,,,,8,FALSE
story2a,77,,「那年他们来到终点，却没人等他们。WNP，曾最接近冠军的战队，止步于崩裂边缘。」,,FALSE,res://assets/BG/spotlight.jpg,,FALSE,,,,,8,FALSE
story2a,78,,（镜头定格在颁奖台上T1的身影，WNP五人早已散去）,,FALSE,res://assets/BG/spotlight.jpg,,FALSE,,,,,8,FALSE
story2a,79,,【结局2：鱼死网破今晚就走 】（被T1当做路边一条踹死了）,,FALSE,res://assets/BG/black.png,res://assets/avatars/fucker.jpg,FALSE,,,,,8,TRUE
story2b,0,Wachao,（沉默数秒，转身推门离开）,res://assets/avatars/jg2.png,TRUE,res://assets/BG/meetingroom.jpg,,FALSE,,,,,3,FALSE
story2b,1,Sakuya,「哎……Wachao？」,res://assets/avatars/adc2.png,FALSE,res://assets/BG/meetingroom.jpg,,FALSE,,,,,3,FALSE
story2b,2,BigSky2,「怎么他走了……」,res://assets/avatars/sup2.png,FALSE,res://assets/BG/meetingroom.jpg,,FALSE,,,,,3,FALSE
story2b,3,TwiceAhri,「（冷笑）这队就没人敢开口说点实话了，对吧？」,res://assets/avatars/mid2.png,FALSE,res://assets/BG/meetingroom.jpg,,FALSE,,,,,3,FALSE
story2b,4,Sakuya,「shut up啊 SB」,res://assets/avatars/adc2.png,FALSE,res://assets/BG/meetingroom.jpg,,FALSE,,,,,3,FALSE
story2b,5,,（没有人争辩，队伍气氛压抑）,,FALSE,res://assets/BG/meetingroom.jpg,,FALSE,,,,,3,FALSE
story2b,6,,...,,FALSE,res://assets/BG/black.png,,FALSE,,,,,3,FALSE
story2b,7,,.......,,FALSE,res://assets/BG/black.png,,FALSE,,,,,3,FALSE
story2b,8,,【深夜 · 楼下便利店】,,FALSE,res://assets/BG/711.jpg,,FALSE,,,,,3,FALSE
story2b,9,Wachao,（你独坐在便利店门口，喝着能量饮料）,res://assets/avatars/jg2.png,TRUE,res://assets/BG/711.jpg,,FALSE,,,,,3,FALSE
story2b,10,Wachao,（手机传来消息，是Sakuya）,res://assets/avatars/jg2.png,TRUE,res://assets/BG/711.jpg,,FALSE,,,,,3,FALSE
story2b,11,Sakuya,「我们都不想输，但也不知道怎么赢。你要不说话，我们真的会散。」,res://assets/avatars/adc2.png,FALSE,res://assets/BG/711.jpg,,FALSE,,,,,3,FALSE
story2b,12,Wachao,（你放下手机，轻轻吐出一口气，情绪有些松动了，却仍站在原地，不知道该朝哪迈出第一步。）,res://assets/avatars/jg2.png,TRUE,res://assets/BG/711.jpg,,FALSE,,,,,3,FALSE
story2b,13,,...,,FALSE,res://assets/BG/711.jpg,,FALSE,,,,,3,FALSE
story2b,14,,.......,,FALSE,res://assets/BG/black.png,,FALSE,,,,,3,FALSE
story2b,15,,【深夜 · 训练室】,,FALSE,res://assets/BG/trainingroom.jpg,,FALSE,,,,,3,FALSE
story2b,16,Wachao,（你推门进入训练室，却发现平时早就摸了的大天二和Jon都在rank）,res://assets/avatars/jg2.png,TRUE,res://assets/BG/trainingroom.jpg,,FALSE,,,,,3,FALSE
story2b,17,BigSky2,（...）,res://assets/avatars/sup2.png,FALSE,res://assets/BG/trainingroom.jpg,,FALSE,,,,,3,FALSE
story2b,18,Wachao,「哎哟我，稀客啊这么晚还没摸。」,res://assets/avatars/jg2.png,TRUE,res://assets/BG/trainingroom.jpg,,FALSE,,,,,3,FALSE
story2b,19,BigSky2,「（会心一笑）这不是我也不想辜负兄弟们的期待吗」,res://assets/avatars/sup2.png,FALSE,res://assets/BG/trainingroom.jpg,,FALSE,,,,,3,FALSE
story2b,20,TwiceAhri,「说的好听，刚刚排到你坑的一比，把rank分还给我」,res://assets/avatars/mid2.png,FALSE,res://assets/BG/trainingroom.jpg,,FALSE,,,,,3,FALSE
story2b,21,BigSky2,「你放屁，你玩那个B奎因死20次也好意思叫自己职业选手？」,res://assets/avatars/sup2.png,FALSE,res://assets/BG/trainingroom.jpg,,FALSE,,,,,3,FALSE
story2b,22,,（两人嘴上不饶人，语气却轻快了不少。那压在心头的沉默，终于被打破了些许。）,,FALSE,res://assets/BG/trainingroom.jpg,,FALSE,,,,,3,FALSE
story2b,23,Wachao,「快用骰子啊上面没一个想玩的。」,res://assets/avatars/jg2.png,TRUE,res://assets/BG/trainingroom.jpg,,FALSE,,,,,3,FALSE
story2b,24,TwiceAhri,「CNM怎么把我小火龙抢了！」,res://assets/avatars/mid2.png,FALSE,res://assets/BG/trainingroom.jpg,,FALSE,,,,,3,FALSE
story2b,25,,....,,FALSE,res://assets/BG/trainingroom.jpg,,FALSE,,,,,0,FALSE
story2b,26,,.........,,FALSE,res://assets/BG/black.png,,FALSE,,,,,0,FALSE
story2b,27,,【比赛日：四强 WNP vs GEN.G】,,FALSE,res://assets/BG/worlds2.jpg,,FALSE,,,,,5,FALSE
story2b,28,,（比赛即将开始，WNP的五名队员神色从容，指尖轻快地敲击着键盘调试设备。五人之间无需多言，却仿佛有种无形的默契在流动）,,FALSE,res://assets/BG/worlds2.jpg,,FALSE,,,,,5,FALSE
story2b,29,,【第一局：劣势开局，逆转翻盘】,,FALSE,res://assets/BG/worlds2.jpg,,FALSE,,,,,5,FALSE
story2b,30,娃娃,「WNP虽然前期有些劣势，但Sakuya卡莎在大龙坑极限反打这一波，成功2换5拿下首局！」,,FALSE,res://assets/BG/worlds2.jpg,,FALSE,,,,,5,FALSE
story2b,31,TwiceAhri,「这感觉真怪……你们怎么都不骂人了。」,res://assets/avatars/mid2.png,FALSE,res://assets/BG/worlds2.jpg,,FALSE,,,,,5,FALSE
story2b,32,Wachao,「（轻笑）你要想被喷，我可以专门留时间骂你。」,res://assets/avatars/jg2.png,TRUE,res://assets/BG/worlds2.jpg,,FALSE,,,,,5,FALSE
story2b,33,,【第二局：Chovy爆发，GEN.G扳平】,,FALSE,res://assets/BG/worlds2.jpg,,FALSE,,,,,5,FALSE
story2b,34,,【第三局：团战混战，WNP再胜】,,FALSE,res://assets/BG/worlds2.jpg,,FALSE,,,,,5,FALSE
story2b,35,,【第四局】,,FALSE,res://assets/BG/worlds2.jpg,,FALSE,,,,,5,FALSE
story2b,36,Wachao,「加油啊兄弟们，拿下这局，送chovy回家！」,res://assets/avatars/jg2.png,TRUE,res://assets/BG/worlds2.jpg,,FALSE,,,,,5,FALSE
story2b,37,WNP,「送他们回家！」,,FALSE,res://assets/BG/worlds2.jpg,,FALSE,,,,,5,FALSE
story2b,38,,【团战进行时】,,FALSE,res://assets/BG/worlds2.jpg,,FALSE,,,,,5,FALSE
story2b,39,,（画面中：中路2v2，Wachao控制盲僧蹲伏在中路草丛）,,FALSE,res://assets/BG/ahri.jpg,,FALSE,,,,,5,FALSE
story2b,40,,（TwiceAhri 操纵狐狸突然E闪魅惑命中Chovy）,,FALSE,res://assets/BG/ahri.jpg,,FALSE,,,,,5,FALSE
story2b,41,Wachao,「好E，兄弟！」,res://assets/avatars/jg2.png,TRUE,res://assets/BG/ahri.jpg,,FALSE,,,,,5,FALSE
story2b,42,Sakuya,「下路也死了，能不能中路一波！」,res://assets/avatars/adc2.png,FALSE,res://assets/BG/worlds2.jpg,,FALSE,,,,,5,FALSE
story2b,43,BlueChao,「我有TP，可以推！」,res://assets/avatars/top2.png,FALSE,res://assets/BG/worlds2.jpg,,FALSE,,,,,5,FALSE
story2b,44,BigSky2,「我闪现留人。」,res://assets/avatars/sup2.png,FALSE,res://assets/BG/worlds2.jpg,,FALSE,,,,,5,FALSE
story2b,45,,（这是他们第一次，五人一起，齐声喊出同一个目标。那一刻，仿佛连空气都在震颤，只剩下一个信念在赛场上回荡。）,,FALSE,res://assets/BG/worlds2.jpg,,FALSE,,,,,5,FALSE
story2b,46,WNP,「一波一波一波一波！Nice！」,,FALSE,res://assets/BG/worlds2.jpg,,FALSE,,,,,5,FALSE
story2b,47,,【比赛结束：WNP 3:1 战胜 GEN.G】,,FALSE,res://assets/BG/worlds2.jpg,,FALSE,,,,,5,FALSE
story2b,48,娃娃,「让我们恭喜WNP！！！他们，挺进了决赛！！！」,,FALSE,res://assets/BG/worlds2.jpg,,FALSE,,,,,5,FALSE
story2b,49,米勒,「LPL四号种子创造奇迹，击溃LCK头号劲敌！属于他们的高光时刻终于到来！」,,FALSE,res://assets/BG/worlds2.jpg,,FALSE,,,,,5,FALSE
story2b,50,Wachao,（你回头看了看身后的四个人——）,res://assets/avatars/jg2.png,TRUE,res://assets/BG/worlds2.jpg,,FALSE,,,,,5,FALSE
story2b,51,,（没有人争吵，没有人甩锅。只有拳头互撞的默契。）,,FALSE,res://assets/BG/worlds2.jpg,,FALSE,,,,,5,FALSE
story2b,52,TwiceAhri,「我那一波的E闪屌不屌！」,res://assets/avatars/mid2.png,FALSE,res://assets/BG/worlds2.jpg,,FALSE,,,,,5,FALSE
story2b,53,BlueChao,「wow 不愧是TwiceAhri，你就是世一Ahri」,res://assets/avatars/top2.png,FALSE,res://assets/BG/worlds2.jpg,,FALSE,,,,,5,FALSE
story2b,54,Sakuya,「这Chovy不是纯纯冲击波？Jon都能单杀！」,res://assets/avatars/adc2.png,FALSE,res://assets/BG/worlds2.jpg,,FALSE,,,,,5,FALSE
story2b,55,,（笑声和打闹声一路延续到住所门前，众人沉浸在胜利的余韵中。）,,FALSE,res://assets/BG/worlds2.jpg,,FALSE,,,,,5,FALSE
story2b,56,,（可随着夜色渐深，目光逐渐汇聚向同一个方向——等待那场注定相遇的最终对决。）,,FALSE,res://assets/BG/worlds2.jpg,,FALSE,,,,,5,FALSE
story2b,57,,....,,FALSE,res://assets/BG/worlds2.jpg,,FALSE,,,,,0,FALSE
story2b,58,,.......,,FALSE,res://assets/BG/black.png,,FALSE,,,,,0,FALSE
story2b,59,,【世界总决赛 WNP vs T1】,,FALSE,res://assets/BG/worlds1.jpg,,FALSE,,,,,7,FALSE
story2b,60,蹲芳魂,「 Faker vs Wachao 你们知道吗？就在将将....」,,FALSE,res://assets/BG/worlds1.jpg,res://assets/avatars/dongfanghong.jpg,FALSE,,,,,7,FALSE
story2b,61,,【赛前休息室】,,FALSE,res://assets/BG/makeuproom.jpg,,FALSE,,,,,7,FALSE
story2b,62,Sakuya,「他们中路是Faker欸……我是真的有点紧张了。」,res://assets/avatars/adc2.png,FALSE,res://assets/BG/makeuproom.jpg,,FALSE,,,,,7,FALSE
story2b,63,TwiceAhri,「我没资格说轻松。但……我不想再像以前那样了。」,res://assets/avatars/mid2.png,FALSE,res://assets/BG/makeuproom.jpg,,FALSE,,,,,7,FALSE
story2b,64,BlueChao,「我以前总想着自己能1v5。现在……能5v5我觉得挺好。」,res://assets/avatars/top2.png,FALSE,res://assets/BG/makeuproom.jpg,,FALSE,,,,,7,FALSE
story2b,65,BigSky2,「咱五个能打到这儿，已经很牛了。而且我还藏了一手娜美」,res://assets/avatars/sup2.png,FALSE,res://assets/BG/makeuproom.jpg,,FALSE,,,,,7,FALSE
story2b,66,Sakuya,「你无敌了。你的娜美不得被K博士拉扯麻了啊？」,res://assets/avatars/adc2.png,FALSE,res://assets/BG/makeuproom.jpg,,FALSE,,,,,7,FALSE
story2b,67,Wachao,（你站在战术板前，回头看着四人）,res://assets/avatars/jg2.png,TRUE,res://assets/BG/makeuproom.jpg,,FALSE,,,,,7,FALSE
story2b,68,Wachao,「我觉得我们能赢。」,res://assets/avatars/jg2.png,TRUE,res://assets/BG/makeuproom.jpg,,FALSE,,,,,7,FALSE
story2b,69,WNP,「加油！」,,FALSE,res://assets/BG/makeuproom.jpg,,FALSE,,,,,7,FALSE
story2b,70,,....,,FALSE,res://assets/BG/makeuproom.jpg,,FALSE,,,,,7,FALSE
story2b,71,,.......,,FALSE,res://assets/BG/black.png,,FALSE,,,,,7,FALSE
story2b,72,,【全球总决赛】,,FALSE,res://assets/BG/worlds1.jpg,,FALSE,,,,,7,FALSE
story2b,73,,【第一局】,,FALSE,res://assets/BG/worlds1.jpg,,FALSE,,,,,7,FALSE
story2b,74,泽元,「KI上校给出的实时胜率是六四开啊，WNP这个阵容我还是蛮看好的」,,FALSE,res://assets/BG/boardcast.jpg,,FALSE,,,,,7,FALSE
story2b,75,记得,「确实，WNP这个阵容团战比较猛，就看前期能不能稳住了。」,,FALSE,res://assets/BG/boardcast.jpg,,FALSE,,,,,7,FALSE
story2b,76,泽元,「哎，这边大天二选手抓到了一个机会啊，那这波Gumayusi阵亡，T1这条小龙应该要放了」,,FALSE,res://assets/BG/boardcast.jpg,,FALSE,,,,,7,FALSE
story2b,77,记得,「30分钟，这边两队选手都聚集在大龙准备最后的决战了啊，这边BlueChao先手开团大招打中了4个，后续蓄意轰拳打出了成吨的伤害」,,FALSE,res://assets/BG/boardcast.jpg,,FALSE,,,,,7,FALSE
story2b,78,王多多,「一拳崩岳千军散，气卷残云万马喑，这个腕豪！」,,FALSE,res://assets/BG/boardcast.jpg,,FALSE,,,,,7,FALSE
story2b,79,记得,「牛逼」,,FALSE,res://assets/BG/boardcast.jpg,,FALSE,,,,,7,FALSE
story2b,80,,【第二局】,,FALSE,res://assets/BG/boardcast.jpg,,FALSE,,,,,7,FALSE
story2b,81,泽元,「不亏是老牌强队T1啊，吸取了上局的教训立马转换了战略风格」,,FALSE,res://assets/BG/boardcast.jpg,,FALSE,,,,,7,FALSE
story2b,82,记得,「是的，WNP这局感觉掌握不了主动权啊，完全被牵着走，非常经典的LCK风格运营。」,,FALSE,res://assets/BG/boardcast.jpg,,FALSE,,,,,7,FALSE
story2b,83,泽元,「对的，WNP这局有些掉以轻心，T1的应变能力太强。大龙也丢了，这下让我们恭喜T1拿下一小局。」,,FALSE,res://assets/BG/boardcast.jpg,,FALSE,,,,,7,FALSE
story2b,84,,【第三局】,,FALSE,res://assets/BG/boardcast.jpg,,FALSE,,,,,7,FALSE
story2b,85,泽元,「这边大天二选手失误了啊，没抢到2级，这下路双人组要送出双杀了。」,,FALSE,res://assets/BG/boardcast.jpg,,FALSE,,,,,7,FALSE
story2b,86,记得,「那这样的话上路也要被越塔了，好在BlueChao还是换掉了一个，不亏。」,,FALSE,res://assets/BG/boardcast.jpg,,FALSE,,,,,7,FALSE
story2b,87,泽元,「这边龙魂团没办法打啊，Faker一直在侧面骚扰啊，小龙血量见底了，要拼惩了！」,,FALSE,res://assets/BG/boardcast.jpg,,FALSE,,,,,7,FALSE
story2b,88,记得,「哎呀没拼过，T1拿到火龙魂，同时WNP这边死了三个人，那感觉要一波了啊」,,FALSE,res://assets/BG/boardcast.jpg,,FALSE,,,,,7,FALSE
story2b,89,,【第四局】,,FALSE,res://assets/BG/boardcast.jpg,,FALSE,,,,,7,FALSE
story2b,90,泽元,「看来T1已经完全找到了WNP的破绽，能否在第四局扳回一城，关键时刻还是看WNP的调整。」,,FALSE,res://assets/BG/boardcast.jpg,,FALSE,,,,,7,FALSE
story2b,91,记得,「是的，这波Wachao选手选择了半区开野，这是要二级抓下吗！」,,FALSE,res://assets/BG/boardcast.jpg,,FALSE,,,,,7,FALSE
story2b,92,泽元,「T1完全没有意识到，Wachao的酒桶已经来到三角草，E闪撞到了！非常漂亮的双杀！」,,FALSE,res://assets/BG/boardcast.jpg,,FALSE,,,,,7,FALSE
story2b,93,记得,「WNP还是做出了一些调整来针对T1的鸡蛋啊，龙团也打的非常默契！T1这边直接被融化了！」,,FALSE,res://assets/BG/boardcast.jpg,,FALSE,,,,,7,FALSE
story2b,94,泽元,「恭喜WNP再扳一城，2：2，这下我们要在全球总决赛听到最后一局的战歌了！」,,FALSE,res://assets/BG/boardcast.jpg,,FALSE,,,,,7,FALSE
story2b,95,记得,「是的，让我们敬请期待！（插入广告）」,,FALSE,res://assets/BG/boardcast.jpg,,FALSE,,,,,7,FALSE
story2b,96,杜蕾斯,【开一局吗？开就开！】,,FALSE,res://assets/BG/boardcast.jpg,,FALSE,,,,,7,FALSE
story2b,97,,...,,FALSE,res://assets/BG/black.png,,FALSE,,,,,0,FALSE
story2b,98,,.....,,FALSE,res://assets/BG/black.png,,FALSE,,,,,0,FALSE
story2b,99,,【决胜局 · BP阶段】,,FALSE,res://assets/BG/worlds1.jpg,,FALSE,,,,,11,FALSE
story2b,100,,（2:2，全球总决赛的最后一局。舞台灯光灼热如炽，宛如审判。）,,FALSE,res://assets/BG/worlds1.jpg,,FALSE,,,,,11,FALSE
story2b,101,Wachao,（你静静地盯着BP界面，手指悬停在鼠标上，犹豫着是否应该加强团队的默契，还是该为自己开辟一条独立的战场？每一个选择都充满风险，而你只有一次机会。）,res://assets/avatars/jg2.png,TRUE,res://assets/BG/worlds1.jpg,,TRUE,酒桶,story3,盲僧,end3,11,FALSE
end3,0,,（你选下了——盲僧。）,,FALSE,res://assets/BG/worlds1.jpg,res://assets/avatars/leesin.png,FALSE,,,,,11,FALSE
end3,1,,（那是你最熟悉的英雄，也是最孤独的选择。每次选它，你知道自己将承担起整个局面的责任——这一次，你选择了相信自己）,,FALSE,res://assets/BG/worlds1.jpg,res://assets/avatars/leesin.png,FALSE,,,,,11,FALSE
end3,2,,....,,FALSE,res://assets/BG/worlds1.jpg,,FALSE,,,,,11,FALSE
end3,3,,.........,,FALSE,res://assets/BG/black.png,,FALSE,,,,,11,FALSE
end3,4,,【BP前：训练室】,,FALSE,res://assets/BG/meetingroom.jpg,,FALSE,,,,,11,FALSE
end3,5,朱开,「T1下路最近习惯打强推压线，决胜局我们走团队控制组——大天二开团，Jon走冰女，Wachao你拿扎克或者蔚。」,,FALSE,res://assets/BG/meetingroom.jpg,res://assets/avatars/kenzhu.png,FALSE,,,,,11,FALSE
end3,6,TwiceAhri,「我赞成，要赢稳一点，别搞太多花的。」,res://assets/avatars/mid2.png,FALSE,res://assets/BG/meetingroom.jpg,,FALSE,,,,,11,FALSE
end3,7,Sakuya,「（轻笑）你就想玩狐狸吧。」,res://assets/avatars/adc2.png,FALSE,res://assets/BG/meetingroom.jpg,,FALSE,,,,,11,FALSE
end3,8,TwiceAhri,「我可没你那爱表演的性子。」,res://assets/avatars/mid2.png,FALSE,res://assets/BG/meetingroom.jpg,,FALSE,,,,,11,FALSE
end3,9,BlueChao,「兄弟们我就一件事，打架我一定冲在前面，你们跟得上就行。」,res://assets/avatars/top2.png,FALSE,res://assets/BG/meetingroom.jpg,,FALSE,,,,,11,FALSE
end3,10,Wachao,「（沉默片刻）..我想用盲僧。」,res://assets/avatars/jg2.png,TRUE,res://assets/BG/meetingroom.jpg,,FALSE,,,,,11,FALSE
end3,11,,（全场一静）,,FALSE,res://assets/BG/meetingroom.jpg,,FALSE,,,,,11,FALSE
end3,12,朱开,「你确定？我们的计划里没有这个点。你最近训练赛这英雄胜率不高……」,,FALSE,res://assets/BG/meetingroom.jpg,res://assets/avatars/kenzhu.png,FALSE,,,,,11,FALSE
end3,13,TwiceAhri,「你是想玩还是想赢？」,res://assets/avatars/mid2.png,FALSE,res://assets/BG/meetingroom.jpg,,FALSE,,,,,11,FALSE
end3,14,Sakuya,「不如我们再看一下Oner最近的打野数据？看看盲僧能不能针对他...」,res://assets/avatars/adc2.png,FALSE,res://assets/BG/meetingroom.jpg,,FALSE,,,,,11,FALSE
end3,15,Wachao,「我们赢不了他们的标准打法。他们团队比我们更整，运营也更细。我们只能靠变量打穿。」,res://assets/avatars/jg2.png,TRUE,res://assets/BG/meetingroom.jpg,,FALSE,,,,,11,FALSE
end3,16,BlueChao,「我没意见，我盯着打野帮你穿节奏。」,res://assets/avatars/top2.png,FALSE,res://assets/BG/meetingroom.jpg,,FALSE,,,,,11,FALSE
end3,17,朱开,「……那你得背负全部后果。」,,FALSE,res://assets/BG/meetingroom.jpg,res://assets/avatars/kenzhu.png,FALSE,,,,,11,FALSE
end3,18,Wachao,「（坚毅的眼神）我背。」,,TRUE,res://assets/BG/meetingroom.jpg,,FALSE,,,,,11,FALSE
end3,19,,...,,FALSE,res://assets/BG/meetingroom.jpg,,FALSE,,,,,11,FALSE
end3,20,,.....,,FALSE,res://assets/BG/black.png,,FALSE,,,,,11,FALSE
end3,21,,【回到决赛BP】,,FALSE,res://assets/BG/worlds1.jpg,,FALSE,,,,,11,FALSE
end3,22,Sakuya,「你真玩盲僧啊？」,res://assets/avatars/adc2.png,FALSE,res://assets/BG/worlds1.jpg,,FALSE,,,,,11,FALSE
end3,23,Wachao,「相信我，我知道怎么赢。」,res://assets/avatars/jg2.png,TRUE,res://assets/BG/worlds1.jpg,,FALSE,,,,,11,FALSE
end3,24,,....,,FALSE,res://assets/BG/worlds1.jpg,,FALSE,,,,,11,FALSE
end3,25,,.........,,FALSE,res://assets/BG/worlds1.jpg,,FALSE,,,,,11,FALSE
end3,26,,【比赛开始】,,FALSE,res://assets/BG/worlds1.jpg,,FALSE,,,,,11,FALSE
end3,27,,（开局Sakuya和大天二就在下路草丛被T1四人逮捕，无奈交出双招。）,,FALSE,res://assets/BG/worlds1.jpg,,FALSE,,,,,11,FALSE
end3,28,Sakuya,「草！被他们摸透了！」,res://assets/avatars/adc2.png,FALSE,res://assets/BG/worlds1.jpg,,FALSE,,,,,11,FALSE
end3,29,TwiceAhri,「稳住啊下路，我打Faker走不开中路的」,res://assets/avatars/mid2.png,FALSE,res://assets/BG/worlds1.jpg,,FALSE,,,,,11,FALSE
end3,30,Sakuya,「怎么稳啊，他们要越了！首无救我！」,res://assets/avatars/adc2.png,FALSE,res://assets/BG/worlds1.jpg,,FALSE,,,,,11,FALSE
end3,31,Wachao,「马上打完红就来。」,res://assets/avatars/jg2.png,TRUE,res://assets/BG/worlds1.jpg,,FALSE,,,,,11,FALSE
end3,32,泽元,「WNP这波下路要被越塔了啊，双招也没有应该是交代在这了。」,,FALSE,res://assets/BG/worlds1.jpg,,FALSE,,,,,11,FALSE
end3,33,记得,「但是Wachao也在往这边赶，虽然下路被双杀了但是好在盲僧还是收掉了Oner和keria的人头。」,,FALSE,res://assets/BG/worlds1.jpg,,FALSE,,,,,11,FALSE
end3,34,泽元,「WNP中路被Faker压制根本不能游走啊，这样的话巢虫可能拿不到了。」,,FALSE,res://assets/BG/worlds1.jpg,,FALSE,,,,,11,FALSE
end3,35,记得,「经过25分钟的发育，两边也是来到了厄塔汗的位置准备决一死战了！T1经济领先，但是Wachao这边的装备也没落下。」,,FALSE,res://assets/BG/worlds1.jpg,,FALSE,,,,,11,FALSE
end3,36,泽元,「这波只能看盲僧的了，哎！Wachao这个位置！摸眼R闪这个角度一下踹飞了三个人，这边WNP跟上伤害。一波直接击杀4人！」,,FALSE,res://assets/BG/worlds1.jpg,,FALSE,,,,,11,FALSE
end3,37,王多多,「腿扫孤城半壁倾，十方骨血作飞花！这波完全是Wachao选手的个人秀啊！」,,FALSE,res://assets/BG/worlds1.jpg,,FALSE,,,,,11,FALSE
end3,38,记得,「那这样的话，能一波吗！恭喜WNP成为英雄联盟S100全球总冠军！」,,FALSE,res://assets/BG/worlds1.jpg,,FALSE,,,,,11,FALSE
end3,39,观众,「WACHAAAAO！！！！！」,,FALSE,res://assets/BG/crowd2.jpg,,FALSE,,,,,11,FALSE
end3,40,,（随着比赛结束的信号灯亮起，全场沸腾。WNP战队终于摘得了世界冠军的桂冠！而在这其中，Wachao凭借他精湛的操作夺得了FMVP。）,,FALSE,res://assets/BG/crowd2.jpg,,FALSE,,,,,11,FALSE
end3,41,,....,,FALSE,res://assets/BG/crowd2.jpg,,FALSE,,,,,11,FALSE
end3,42,,........,,FALSE,res://assets/BG/black.png,,FALSE,,,,,11,FALSE
end3,43,,【赛后采访】,,FALSE,res://assets/BG/interview2.jpg,,FALSE,,,,,11,FALSE
end3,44,,（掌声，灯光，鲜花，奖杯，全场高呼——FMVP：WNP · Wachao。）,,FALSE,res://assets/BG/interview2.jpg,,FALSE,,,,,11,FALSE
end3,45,主持人,「请问你有什么想对粉丝和你的队友说的吗？」,,FALSE,res://assets/BG/interview2.jpg,,FALSE,,,,,11,FALSE
end3,46,Wachao,「谢谢大家……我就是我，我就是CHAO！」,res://assets/avatars/jg2.png,TRUE,res://assets/BG/interview2.jpg,,FALSE,,,,,11,FALSE
end3,47,,....,,FALSE,res://assets/BG/interview2.jpg,,FALSE,,,,,0,FALSE
end3,48,,........,,FALSE,res://assets/BG/black.png,,FALSE,,,,,0,FALSE
end3,49,,【后台】,,FALSE,res://assets/BG/backstage1.jpg,,FALSE,,,,,13,FALSE
end3,50,,（获奖采访、新闻标题、网络热搜都在刷「Wachao力挽狂澜」）,,FALSE,res://assets/BG/backstage1.jpg,,FALSE,,,,,13,FALSE
end3,51,BlueChao,「我上路压了Zeus一整把，到最后网友说我评分是3.0！」,res://assets/avatars/top2.png,FALSE,res://assets/BG/backstage1.jpg,,FALSE,,,,,13,FALSE
end3,52,Sakuya,「下路那一波被越，早一点来我至于被大蛋老师打爆吗！」,res://assets/avatars/adc2.png,FALSE,res://assets/BG/backstage1.jpg,,FALSE,,,,,13,FALSE
end3,53,TwiceAhri,「你们看这个标题“Wachao1打5赢下T1”，我们真就是背景板呗。」,res://assets/avatars/mid2.png,FALSE,res://assets/BG/backstage1.jpg,,FALSE,,,,,13,FALSE
end3,54,BigSky2,「我在虎扑被人喷没我早赢了，前几把难道我没出力吗？」,res://assets/avatars/sup2.png,FALSE,res://assets/BG/backstage1.jpg,,FALSE,,,,,13,FALSE
end3,55,,....,,FALSE,res://assets/BG/backstage1.jpg,,FALSE,,,,,13,FALSE
end3,56,,........,,FALSE,res://assets/BG/black.png,,FALSE,,,,,13,FALSE
end3,57,,【庆功宴上】,,FALSE,res://assets/BG/food1.jpg,,FALSE,,,,,13,FALSE
end3,58,,（粉丝送来的巨幅海报：画面是Wachao挥拳怒吼的夺冠瞬间，其余四人模糊在背景）,,FALSE,res://assets/BG/food1.jpg,,FALSE,,,,,13,FALSE
end3,59,BlueChao,「啧，首无，你现在是主角了啊，我们几个就是NPC咯？」,res://assets/avatars/top2.png,FALSE,res://assets/BG/food1.jpg,,FALSE,,,,,13,FALSE
end3,60,Sakuya,「一脚不光踹飞了T1，还把兄弟李宁都踹开线了。」,res://assets/avatars/adc2.png,FALSE,res://assets/BG/food1.jpg,,FALSE,,,,,13,FALSE
end3,61,TwiceAhri,「以后也不用复盘了，反正你一拖五就能赢。」,res://assets/avatars/mid2.png,FALSE,res://assets/BG/food1.jpg,,FALSE,,,,,13,FALSE
end3,62,BigSky2,「先点菜吧。」,res://assets/avatars/sup2.png,FALSE,res://assets/BG/food1.jpg,,FALSE,,,,,13,FALSE
end3,63,Wachao,「……我也没说你们不重要。」,res://assets/avatars/jg2.png,TRUE,res://assets/BG/food1.jpg,,FALSE,,,,,13,FALSE
end3,64,TwiceAhri,「没说，但你的眼神早就告诉我们了。（转身离开）」,res://assets/avatars/mid2.png,FALSE,res://assets/BG/food1.jpg,,FALSE,,,,,13,FALSE
end3,65,,（空气凝固，弟弟脸色难看地低头，Sakuya不再说话）,,FALSE,res://assets/BG/food1.jpg,,FALSE,,,,,13,FALSE
end3,66,,...,,FALSE,res://assets/BG/food1.jpg,,FALSE,,,,,13,FALSE
end3,67,,........,,FALSE,res://assets/BG/black.png,,FALSE,,,,,13,FALSE
end3,68,,【数日后 】,,FALSE,res://assets/BG/macbook.jpg,,FALSE,,,,,13,FALSE
end3,69,,（TwiceAhri宣布退役，Sakuya加入AG超玩会，弟弟和大天二账号同时改名：GoodGame）,,FALSE,res://assets/BG/macbook.jpg,res://assets/avatars/ag.png,FALSE,,,,,13,FALSE
end3,70,,【微博热搜】,,FALSE,res://assets/BG/macbook.jpg,res://assets/avatars/ag.png,FALSE,,,,,13,FALSE
end3,71,,"「Wachao一人一手盲僧终结T1统治，获FMVP！」, 「WNP战队疑似解散」, 「WNP队内不和」",,FALSE,res://assets/BG/macbook.jpg,res://assets/avatars/ag.png,FALSE,,,,,13,FALSE
end3,72,,【结局3： 先点菜吧】,,FALSE,res://assets/BG/food1.jpg,,FALSE,,,,,13,TRUE
story3,0,,（你选下了——酒桶。）,,FALSE,res://assets/BG/worlds1.jpg,res://assets/avatars/gragas.jpg,FALSE,,,,,11,FALSE
story3,1,,...,,FALSE,res://assets/BG/worlds1.jpg,,FALSE,,,,,11,FALSE
story3,2,,.......,,FALSE,res://assets/BG/black.png,,FALSE,,,,,11,FALSE
story3,3,,【BP前：会议室】,,FALSE,res://assets/BG/meetingroom.jpg,,FALSE,,,,,11,FALSE
story3,4,,（战术会议室的投影幕上映着一帧帧T1打野Oner的回放……）,,FALSE,res://assets/BG/meetingroom.jpg,,FALSE,,,,,11,FALSE
story3,5,朱开,「我们不和他们比操作，T1个人能力太强。但他们怕我们五人联动，怕我们抱团节奏。」,,FALSE,res://assets/BG/meetingroom.jpg,res://assets/avatars/kenzhu.png,FALSE,,,,,11,FALSE
story3,6,Sakuya,「（点头）那就选我们最熟的体系。」,res://assets/avatars/adc2.png,FALSE,res://assets/BG/meetingroom.jpg,,FALSE,,,,,11,FALSE
story3,7,TwiceAhri,「你这次打酒桶吗？我们缺个打团AOE」,res://assets/avatars/mid2.png,FALSE,res://assets/BG/meetingroom.jpg,,FALSE,,,,,11,FALSE
story3,8,Wachao,「打。不开花，也不掉链子。」,res://assets/avatars/jg2.png,TRUE,res://assets/BG/meetingroom.jpg,,FALSE,,,,,11,FALSE
story3,9,BlueChao,「稳住前10分钟，等我打团，直接起飞！」,res://assets/avatars/top2.png,FALSE,res://assets/BG/meetingroom.jpg,,FALSE,,,,,11,FALSE
story3,10,BigSky2,「出击之前，我得再练下钩子……我想赢。」,res://assets/avatars/sup2.png,FALSE,res://assets/BG/meetingroom.jpg,,FALSE,,,,,11,FALSE
story3,11,,（五人目光在投影光线中交错，沉默却默契。）,,FALSE,res://assets/BG/meetingroom.jpg,,FALSE,,,,,11,FALSE
story3,12,,...,,FALSE,res://assets/BG/meetingroom.jpg,,FALSE,,,,,11,FALSE
story3,13,,.......,,FALSE,res://assets/BG/black.png,,FALSE,,,,,11,FALSE
story3,14,,【回到决赛现场】,,FALSE,res://assets/BG/worlds1.jpg,,FALSE,,,,,11,FALSE
story3,15,泽元,「WNP打野选了酒桶！一手控制拉扯型阵容，明显是为团战准备的！」,,FALSE,res://assets/BG/worlds1.jpg,,FALSE,,,,,11,FALSE
story3,16,记得,「T1拿出的是双C重装阵容！正面接团会非常凶狠！」,,FALSE,res://assets/BG/worlds1.jpg,,FALSE,,,,,11,FALSE
story3,17,,【队内语音】,,FALSE,res://assets/BG/worlds1.jpg,,FALSE,,,,,11,FALSE
story3,18,Wachao,「我们不是最强的，但我们是最默契的。你们撑我，我兜底。」,res://assets/avatars/adc2.png,TRUE,res://assets/BG/worlds1.jpg,,FALSE,,,,,11,FALSE
story3,19,Sakuya,「加油兄弟们！」,res://assets/avatars/jg2.png,FALSE,res://assets/BG/worlds1.jpg,,FALSE,,,,,11,FALSE
story3,20,,【比赛进行到中期】,,FALSE,res://assets/BG/worlds1.jpg,,FALSE,,,,,11,FALSE
story3,21,泽元,「这波T1应该是要接团，中期最强的一波，但是因为WNP这边3条小龙，所以这波团是必打的。」,,FALSE,res://assets/BG/worlds1.jpg,,FALSE,,,,,11,FALSE
story3,22,记得,「是的，这波WNP如果想要赢团的话必须优先处理前排Faker的加里奥。」,,FALSE,res://assets/BG/worlds1.jpg,,FALSE,,,,,11,FALSE
story3,23,Sakuya,「看AD，AD没闪！」,res://assets/avatars/adc2.png,FALSE,res://assets/BG/worlds1.jpg,,FALSE,,,,,11,FALSE
story3,24,BlueChao,「我挡住前排！就看首无了！」,res://assets/avatars/top2.png,FALSE,res://assets/BG/worlds1.jpg,,FALSE,,,,,11,FALSE
story3,25,Wachao,（决胜团战即将开始。你看着T1队形紧密，敌方ADC走位靠前。你必须做出选择……）,res://assets/avatars/jg2.png,TRUE,res://assets/BG/worlds1.jpg,,TRUE,炸开加里奥,end5,炸回AD,end4,11,FALSE
end4,0,,（你选择大招ADC，将其炸回）,,FALSE,res://assets/BG/worlds1.jpg,,FALSE,,,,,11,FALSE
end4,1,,（Gumayusi的维鲁斯被你精确炸回，同时队友火速集火将其击杀。）,,FALSE,res://assets/BG/worlds1.jpg,,FALSE,,,,,11,FALSE
end4,2,Sakuya,「Nice！拉扯拉扯拉扯！」,res://assets/avatars/adc2.png,FALSE,res://assets/BG/worlds1.jpg,,FALSE,,,,,11,FALSE
end4,3,TwiceAhri,「加里奥进场了！小心！」,res://assets/avatars/mid2.png,FALSE,res://assets/BG/worlds1.jpg,,FALSE,,,,,14,FALSE
end4,4,,（Faker操纵着加里奥闪现嘲讽4个，后续Oner的破败王大招游龙，WNP瞬间溃败）,,FALSE,res://assets/BG/worlds1.jpg,,FALSE,,,,,14,FALSE
end4,5,BlueChao,「我草他怎么伤害怎么高！」,res://assets/avatars/top2.png,FALSE,res://assets/BG/worlds1.jpg,,FALSE,,,,,14,FALSE
end4,6,BigSky2,「他上次回城补了个帽子。这么高伤害确实顶不住。」,res://assets/avatars/sup2.png,FALSE,res://assets/BG/worlds1.jpg,,FALSE,,,,,14,FALSE
end4,7,Sakuya,「唉，不愧是城墙。可惜了。」,res://assets/avatars/adc2.png,FALSE,res://assets/BG/worlds1.jpg,,FALSE,,,,,14,FALSE
end4,8,,【解说席】,,FALSE,res://assets/BG/worlds1.jpg,,FALSE,,,,,14,FALSE
end4,9,泽元,「虽然WNP秒掉了Gumayusi，但是Faker的加里奥太细节了。」,,FALSE,res://assets/BG/worlds1.jpg,,FALSE,,,,,14,FALSE
end4,10,记得,「是的，Faker选手宝刀未老啊，80岁高龄还能保持这样一个电竞水准，不愧是英雄联盟最高的山，最长的河！」,,FALSE,res://assets/BG/worlds1.jpg,res://assets/avatars/oldfaker.jpeg,FALSE,,,,,14,FALSE
end4,11,泽元,「虽然很可惜，但是我们还是要恭喜T1获得英雄联盟S100全球总冠军」,,FALSE,res://assets/BG/worlds1.jpg,res://assets/avatars/oldfaker.jpeg,FALSE,,,,,14,FALSE
end4,12,,...,,FALSE,res://assets/BG/black.png,,FALSE,,,,,0,FALSE
end4,13,,......,,FALSE,res://assets/BG/black.png,,FALSE,,,,,0,FALSE
end4,14,,【虎扑评论】,,FALSE,res://assets/BG/macbook.jpg,res://assets/BG/hupu1.png,FALSE,,,,,9,FALSE
end4,15,,「Wachao想吃鸡蛋了，所以炸的Gumayusi。」,,FALSE,res://assets/BG/macbook.jpg,res://assets/BG/hupu1.png,FALSE,,,,,9,FALSE
end4,16,,「Wachao酒桶是人能选出来的？朱开说话！」,,FALSE,res://assets/BG/macbook.jpg,res://assets/BG/hupu1.png,FALSE,,,,,9,FALSE
end4,17,,「别喷我家Wachao哥哥了，TwiceAhri不是更烂？」,,FALSE,res://assets/BG/macbook.jpg,res://assets/BG/hupu1.png,FALSE,,,,,9,FALSE
end4,18,,「Wa学弟这招太狠了。」,,FALSE,res://assets/BG/macbook.jpg,res://assets/BG/hupu1.png,FALSE,,,,,9,FALSE
end4,19,,【数月后】,,FALSE,res://assets/BG/macbook.jpg,,FALSE,,,,,9,FALSE
end4,20,,【WNP官方微博】,,FALSE,res://assets/BG/macbook.jpg,,FALSE,,,,,9,FALSE
end4,21,,「人生有梦各自精彩，感谢Wachao选手的付出。」,,FALSE,res://assets/BG/macbook.jpg,res://assets/BG/news.png,FALSE,,,,,9,FALSE
end4,22,,「人生有梦各自精彩，感谢BlueChao选手的付出。」,,FALSE,res://assets/BG/macbook.jpg,res://assets/BG/news.png,FALSE,,,,,9,FALSE
end4,23,,「人生有梦各自精彩，感谢TwiceAhri选手的付出。」,,FALSE,res://assets/BG/macbook.jpg,res://assets/BG/news.png,FALSE,,,,,9,FALSE
end4,24,,「人生有梦各自精彩，感谢Sakuya选手的付出。」,,FALSE,res://assets/BG/macbook.jpg,res://assets/BG/news.png,FALSE,,,,,9,FALSE
end4,25,,「人生有梦各自精彩，感谢BigSky2选手的付出。」,,FALSE,res://assets/BG/macbook.jpg,res://assets/BG/news.png,FALSE,,,,,9,FALSE
end4,26,,...,,FALSE,res://assets/BG/macbook.jpg,res://assets/BG/news.png,FALSE,,,,,9,FALSE
end4,27,,.......,,FALSE,res://assets/BG/macbook.jpg,,FALSE,,,,,9,FALSE
end4,28,,【过了一段时间】,,FALSE,res://assets/BG/black.png,,FALSE,,,,,9,FALSE
end4,29,Wachao,（因为网络暴力和心理压力，你选择了退役，你的队友也跟着你一起退役了。）,res://assets/avatars/jg2.png,TRUE,res://assets/BG/street.jpg,,FALSE,,,,,9,FALSE
end4,30,Wachao,（你回归了正常生活，不再是一名电竞选手，而是炒股达人，人称电竞巴菲特）,res://assets/avatars/jg2.png,TRUE,res://assets/BG/street.jpg,,FALSE,,,,,9,FALSE
end4,31,Wachao,（你已经很久没有接触英雄联盟，也很久没有联系以前的队友了。）,res://assets/avatars/jg2.png,TRUE,res://assets/BG/street.jpg,,FALSE,,,,,9,FALSE
end4,32,Wachao,「（喃喃自语）也不知道你们现在还好吗」,res://assets/avatars/jg2.png,TRUE,res://assets/BG/street.jpg,,FALSE,,,,,9,FALSE
end4,33,,【（叮）您有一条新的Discord消息 】,,TRUE,res://assets/BG/message.jpg,,FALSE,,,,,9,FALSE
end4,34,,【@Avengers】,,TRUE,res://assets/BG/message.jpg,res://assets/avatars/Discord.jpg,FALSE,,,,,9,FALSE
end4,35,,【结局4：厂长再世，复联集结】,,FALSE,res://assets/BG/message.jpg,res://assets/avatars/Discord.jpg,FALSE,,,,,9,TRUE
end5,0,,（你操纵酒桶闪R瞬间击退加里奥，中单失去进场机会，WNP五人一拥而上）,,FALSE,res://assets/BG/worlds1.jpg,,FALSE,,,,,11,FALSE
end5,1,泽元,「Wachao这一波把T1直接炸散了！卡莎R进场秒后排的同时狐狸也R进去E到了Oner的佛耶戈！」,,FALSE,res://assets/BG/worlds1.jpg,,FALSE,,,,,11,FALSE
end5,2,记得,「T1直接被打蒙了啊，这个后排消失的太快了，只剩一个加里奥虽然伤害很高但是也顶不住5个人攻击。」,,FALSE,res://assets/BG/worlds1.jpg,,FALSE,,,,,11,FALSE
end5,3,泽元,「WNP直接一波团灭！兵线也很好，那么感觉要一波结束了！」,,FALSE,res://assets/BG/worlds1.jpg,,FALSE,,,,,11,FALSE
end5,4,记得,「恭喜WNP获得S100英雄联盟全球总冠军！」,,FALSE,res://assets/BG/worlds1.jpg,,FALSE,,,,,11,FALSE
end5,5,泽元,「他们做到了！他们做到了！！来自LPL的黑马——WNP，2025全球总冠军！！」,,FALSE,res://assets/BG/worlds1.jpg,,FALSE,,,,,11,FALSE
end5,6,王多多,「百战裂甲终越堑，一剑霜寒万壑清！WNP牛逼！」,,FALSE,res://assets/BG/worlds1.jpg,,FALSE,,,,,11,FALSE
end5,7,,【赛后采访】,,FALSE,res://assets/BG/interview2.jpg,,FALSE,,,,,13,FALSE
end5,8,希然,「本场FMVP给到了Wachao选手！首先恭喜你！我想问你最后一手的酒桶是临时起意还是蓄谋已久的战术呢？」,,FALSE,res://assets/BG/interview2.jpg,,FALSE,,,,,13,FALSE
end5,9,Wachao,「都有吧，酒桶本来也是我的招牌英雄，不过这一把拿出来也是教练组的意思。」,res://assets/avatars/jg2.png,TRUE,res://assets/BG/interview2.jpg,,FALSE,,,,,13,FALSE
end5,10,,【后台】,,FALSE,res://assets/BG/backstage1.jpg,,FALSE,,,,,13,FALSE
end5,11,Sakuya,「（笑）快来看首无，开始装B了」,res://assets/avatars/adc2.png,FALSE,res://assets/BG/backstage1.jpg,res://assets/avatars/adc1.png,FALSE,,,,,13,FALSE
end5,12,TwiceAhri,「让他装吧，最后一波确实开的好啊。」,res://assets/avatars/mid2.png,FALSE,res://assets/BG/backstage1.jpg,res://assets/avatars/mid1.png,FALSE,,,,,13,FALSE
end5,13,BigSky2,「确实，我都感觉要输了。」,res://assets/avatars/sup2.png,FALSE,res://assets/BG/backstage1.jpg,res://assets/avatars/sup1.png,FALSE,,,,,13,FALSE
end5,14,BlueChao,「我宣布Zeus现在是Chao一儿！」,res://assets/avatars/top2.png,FALSE,res://assets/BG/backstage1.jpg,res://assets/avatars/top1.png,FALSE,,,,,13,FALSE
end5,15,,（灯光下，他坦然站上聚光灯下的舞台；幕后一隅，他们低声调侃、相视而笑。无论身处何地，他们都明白——这场胜利，属于彼此。）,,FALSE,res://assets/BG/champion.jpg,,FALSE,,,,,13,FALSE
end5,16,,【结局5： 现在是幻想时间】,,FALSE,res://assets/BG/champion.jpg,,FALSE,,,,,13,TRUE